Virus,Probe Set ID,weight
H1N1,203504_s_at,-0.13831128285780844
H1N1,213353_at,-0.13831128285780844
H1N1,209993_at,-0.058850258696567445
H1N1,214274_s_at,-0.058850258696567445
H1N1,213501_at,0.017360659525663312
H1N1,201629_s_at,0.017360659525663312
H1N1,218322_s_at,-0.13831128285780844
H1N1,AFFX-HSAC07/X00351_5_at,-0.051088789425439235
H1N1,212363_x_at,-0.051088789425439235
H1N1,202274_at,-0.051088789425439235
H1N1,203861_s_at,0.0014945466727065517
H1N1,200601_at,-0.051088789425439235
H1N1,213790_at,0.10571504210530844
H1N1,217007_s_at,-0.051088789425439235
H1N1,208544_at,0.0014945466727065517
H1N1,209972_s_at,0.017790442523749783
H1N1,209972_s_at,0.03579275255778705
H1N1,212173_at,0.01604288578642618
H1N1,207102_at,-0.13831128285780844
H1N1,212609_s_at,-0.051088789425439235
H1N1,202054_s_at,-3.6862970805894696e-4
H1N1,206516_at,-0.051088789425439235
H1N1,221505_at,0.01604288578642618
H1N1,205568_at,0.017360659525663312
H1N1,211110_s_at,-0.13831128285780844
H1N1,206177_s_at,0.017360659525663312
H1N1,203945_at,0.017360659525663312
H1N1,209539_at,-0.051088789425439235
H1N1,205020_s_at,0.03277044245701473
H1N1,220966_x_at,0.01459171325186985
H1N1,209985_s_at,-3.6862970805894696e-4
H1N1,203427_at,0.01604288578642618
H1N1,205047_s_at,0.01459171325186985
H1N1,207076_s_at,-3.6862970805894696e-4
H1N1,218782_s_at,0.01604288578642618
H1N1,209186_at,0.01459171325186985
H1N1,201527_at,-0.058850258696567445
H1N1,203231_s_at,-0.13831128285780844
H1N1,208079_s_at,0.01604288578642618
H1N1,208079_s_at,0.01459171325186985
H1N1,216627_s_at,-0.051088789425439235
H1N1,203728_at,-0.058850258696567445
H1N1,205345_at,0.01604288578642618
H1N1,205965_at,-3.6862970805894696e-4
H1N1,204032_at,-0.13831128285780844
H1N1,201261_x_at,0.10571504210530844
H1N1,201169_s_at,0.01459171325186985
H1N1,202095_s_at,0.01604288578642618
H1N1,202201_at,0.017360659525663312
H1N1,206044_s_at,0.03277044245701473
H1N1,204531_s_at,0.01604288578642618
H1N1,208368_s_at,0.01604288578642618
H1N1,213134_x_at,-0.058850258696567445
H1N1,213134_x_at,-3.6862970805894696e-4
H1N1,209642_at,0.01459171325186985
H1N1,201456_s_at,0.03579275255778705
H1N1,203612_at,0.017790442523749783
H1N1,212067_s_at,0.0014945466727065517
H1N1,206727_at,0.0014945466727065517
H1N1,204811_s_at,-3.6862970805894696e-4
H1N1,202715_at,0.03579275255778705
H1N1,207887_s_at,-3.6862970805894696e-4
H1N1,212077_at,0.10571504210530844
H1N1,200623_s_at,0.0014945466727065517
H1N1,200623_s_at,0.0014945466727065517
H1N1,200935_at,0.01459171325186985
H1N1,208852_s_at,0.03579275255778705
H1N1,208852_s_at,0.01459171325186985
H1N1,211367_s_at,0.0014945466727065517
H1N1,213596_at,0.0014945466727065517
H1N1,207500_at,0.0014945466727065517
H1N1,210775_x_at,0.0014945466727065517
H1N1,215573_at,0.017360659525663312
H1N1,209715_at,0.01604288578642618
H1N1,205827_at,-0.058850258696567445
H1N1,201700_at,-0.058850258696567445
H1N1,213523_at,0.01604288578642618
H1N1,204827_s_at,0.01459171325186985
H1N1,200877_at,0.03579275255778705
H1N1,207278_s_at,-0.051088789425439235
H1N1,209555_s_at,0.0014945466727065517
H1N1,209555_s_at,0.017360659525663312
H1N1,217523_at,0.10571504210530844
H1N1,207549_x_at,0.0014945466727065517
H1N1,201925_s_at,0.0014945466727065517
H1N1,200983_x_at,0.0014945466727065517
H1N1,200983_x_at,0.10571504210530844
H1N1,201028_s_at,-0.051088789425439235
H1N1,201853_s_at,0.01604288578642618
H1N1,209055_s_at,-0.058850258696567445
H1N1,221436_s_at,0.01604288578642618
H1N1,221520_s_at,0.01604288578642618
H1N1,207172_s_at,-0.051088789425439235
H1N1,206328_at,-0.051088789425439235
H1N1,203441_s_at,0.10571504210530844
H1N1,210601_at,-0.051088789425439235
H1N1,210518_at,-0.051088789425439235
H1N1,211804_s_at,-0.058850258696567445
H1N1,211804_s_at,0.03579275255778705
H1N1,202246_s_at,0.017790442523749783
H1N1,202246_s_at,0.03579275255778705
H1N1,202246_s_at,0.01604288578642618
H1N1,209644_x_at,0.01604288578642618
H1N1,212501_at,0.0014945466727065517
H1N1,205046_at,0.01604288578642618
H1N1,218741_at,0.01604288578642618
H1N1,213800_at,0.0014945466727065517
H1N1,205393_s_at,0.01604288578642618
H1N1,201897_s_at,0.01604288578642618
H1N1,204170_s_at,0.01604288578642618
H1N1,219640_at,-0.051088789425439235
H1N1,206284_x_at,-0.058850258696567445
H1N1,208792_s_at,0.0014945466727065517
H1N1,201605_x_at,-0.051088789425439235
H1N1,211203_s_at,-0.051088789425439235
H1N1,202312_s_at,0.10571504210530844
H1N1,211981_at,0.10571504210530844
H1N1,211966_at,0.10571504210530844
H1N1,211966_at,0.0014945466727065517
H1N1,221729_at,0.10571504210530844
H1N1,204136_at,0.10571504210530844
H1N1,209083_at,0.01459171325186985
H1N1,203663_s_at,0.03579275255778705
H1N1,201754_at,-3.6862970805894696e-4
H1N1,206100_at,0.0014945466727065517
H1N1,206244_at,0.0014945466727065517
H1N1,206315_at,0.10571504210530844
H1N1,204573_at,-0.13831128285780844
H1N1,221139_s_at,0.017360659525663312
H1N1,201111_at,0.01604288578642618
H1N1,220627_at,0.03277044245701473
H1N1,204459_at,0.03579275255778705
H1N1,202521_at,0.01604288578642618
H1N1,208407_s_at,-0.051088789425439235
H1N1,213274_s_at,0.0014945466727065517
H1N1,202901_x_at,0.0014945466727065517
H1N1,207614_s_at,0.03579275255778705
H1N1,215726_s_at,0.017360659525663312
H1N1,201066_at,0.03579275255778705
H1N1,203979_at,-0.13831128285780844
H1N1,206153_at,-3.6862970805894696e-4
H1N1,203302_at,0.01604288578642618
H1N1,219490_s_at,0.01604288578642618
H1N1,218069_at,0.017790442523749783
H1N1,218069_at,0.01604288578642618
H1N1,217973_at,-3.6862970805894696e-4
H1N1,202887_s_at,0.01459171325186985
H1N1,201584_s_at,0.01459171325186985
H1N1,201584_s_at,0.01604288578642618
H1N1,220295_x_at,0.01604288578642618
H1N1,203669_s_at,-0.058850258696567445
H1N1,206463_s_at,-3.6862970805894696e-4
H1N1,203694_s_at,-0.051088789425439235
H1N1,211215_x_at,-0.13831128285780844
H1N1,201681_s_at,-3.6862970805894696e-4
H1N1,217067_s_at,-0.051088789425439235
H1N1,220493_at,0.03277044245701473
H1N1,218409_s_at,-3.6862970805894696e-4
H1N1,218976_at,-3.6862970805894696e-4
H1N1,201697_s_at,0.01604288578642618
H1N1,219279_at,0.0014945466727065517
H1N1,205003_at,0.0014945466727065517
H1N1,211478_s_at,0.0014945466727065517
H1N1,204794_at,0.017790442523749783
H1N1,204794_at,-3.6862970805894696e-4
H1N1,208956_x_at,0.01604288578642618
H1N1,208956_x_at,0.03579275255778705
H1N1,213789_at,0.01459171325186985
H1N1,210656_at,0.01604288578642618
H1N1,206580_s_at,0.10571504210530844
H1N1,210984_x_at,-0.051088789425439235
H1N1,201143_s_at,0.03579275255778705
H1N1,201143_s_at,0.01604288578642618
H1N1,208726_s_at,0.03579275255778705
H1N1,208726_s_at,0.01459171325186985
H1N1,214805_at,0.03579275255778705
H1N1,206621_s_at,0.03579275255778705
H1N1,214153_at,0.01459171325186985
H1N1,214153_at,-3.6862970805894696e-4
H1N1,217294_s_at,0.01459171325186985
H1N1,201313_at,-0.058850258696567445
H1N1,201719_s_at,-0.051088789425439235
H1N1,204817_at,0.01604288578642618
H1N1,217190_x_at,0.017360659525663312
H1N1,202942_at,-3.6862970805894696e-4
H1N1,201328_at,0.017360659525663312
H1N1,217838_s_at,-0.051088789425439235
H1N1,218481_at,0.017790442523749783
H1N1,205620_at,0.0014945466727065517
H1N1,205620_at,0.017360659525663312
H1N1,205754_at,0.0014945466727065517
H1N1,204713_s_at,0.0014945466727065517
H1N1,208962_s_at,-0.13831128285780844
H1N1,208962_s_at,0.01459171325186985
H1N1,202218_s_at,0.01459171325186985
H1N1,202218_s_at,-0.13831128285780844
H1N1,202862_at,0.017360659525663312
H1N1,216602_s_at,0.017790442523749783
H1N1,215719_x_at,0.017360659525663312
H1N1,215719_x_at,0.10571504210530844
H1N1,211623_s_at,0.03579275255778705
H1N1,207835_at,0.10571504210530844
H1N1,202765_s_at,-0.051088789425439235
H1N1,204232_at,0.0014945466727065517
H1N1,207813_s_at,0.01459171325186985
H1N1,207813_s_at,-0.13831128285780844
H1N1,211029_x_at,-0.058850258696567445
H1N1,203391_at,0.01459171325186985
H1N1,208614_s_at,-3.6862970805894696e-4
H1N1,205666_at,-0.058850258696567445
H1N1,202768_at,-0.058850258696567445
H1N1,210933_s_at,-0.051088789425439235
H1N1,204451_at,0.01370907609523131
H1N1,206136_at,0.01370907609523131
H1N1,208869_s_at,0.017360659525663312
H1N1,214240_at,-3.6862970805894696e-4
H1N1,214240_at,-0.058850258696567445
H1N1,202528_at,-3.6862970805894696e-4
H1N1,AFFX-HUMGAPDH/M33197_5_at,0.01459171325186985
H1N1,203765_at,0.0014945466727065517
H1N1,211020_at,0.017360659525663312
H1N1,214190_x_at,0.01459171325186985
H1N1,214085_x_at,0.10571504210530844
H1N1,200681_at,0.03579275255778705
H1N1,209276_s_at,0.01459171325186985
H1N1,214431_at,0.01459171325186985
H1N1,201181_at,0.0014945466727065517
H1N1,200852_x_at,0.0014945466727065517
H1N1,222034_at,0.03579275255778705
H1N1,217850_at,0.03579275255778705
H1N1,217850_at,0.017790442523749783
H1N1,201956_s_at,-0.13831128285780844
H1N1,208813_at,0.01459171325186985
H1N1,200708_at,0.03579275255778705
H1N1,207389_at,0.0014945466727065517
H1N1,206883_x_at,0.0014945466727065517
H1N1,208308_s_at,0.01459171325186985
H1N1,214506_at,0.03277044245701473
H1N1,201348_at,-0.058850258696567445
H1N1,215075_s_at,0.0014945466727065517
H1N1,210761_s_at,-0.051088789425439235
H1N1,216992_s_at,0.03277044245701473
H1N1,202554_s_at,0.03277044245701473
H1N1,204149_s_at,0.017360659525663312
H1N1,201036_s_at,-0.051088789425439235
H1N1,206647_at,0.03277044245701473
H1N1,203260_at,0.03579275255778705
H1N1,207982_at,0.03277044245701473
H1N1,202934_at,0.01459171325186985
H1N1,202934_at,0.017790442523749783
H1N1,221978_at,-0.058850258696567445
H1N1,210457_x_at,0.01604288578642618
H1N1,205822_s_at,0.01459171325186985
H1N1,204607_at,-3.6862970805894696e-4
H1N1,203665_at,-0.058850258696567445
H1N1,221919_at,0.03579275255778705
H1N1,205292_s_at,0.03579275255778705
H1N1,211931_s_at,0.03579275255778705
H1N1,221480_at,0.01604288578642618
H1N1,221480_at,0.03579275255778705
H1N1,212983_at,-0.051088789425439235
H1N1,201413_at,-0.13831128285780844
H1N1,204515_at,-0.13831128285780844
H1N1,214359_s_at,0.03579275255778705
H1N1,200598_s_at,0.01459171325186985
H1N1,202581_at,0.0014945466727065517
H1N1,200800_s_at,0.03277044245701473
H1N1,208814_at,0.01459171325186985
H1N1,200691_s_at,0.01459171325186985
H1N1,204744_s_at,0.03579275255778705
H1N1,213620_s_at,-0.051088789425439235
H1N1,206906_at,-0.051088789425439235
H1N1,213931_at,-3.6862970805894696e-4
H1N1,210045_at,-3.6862970805894696e-4
H1N1,210045_at,-0.13831128285780844
H1N1,208881_x_at,-0.13831128285780844
H1N1,208881_x_at,0.01459171325186985
H1N1,201422_at,0.01459171325186985
H1N1,209540_at,0.017360659525663312
H1N1,202948_at,0.017360659525663312
H1N1,208930_s_at,0.01604288578642618
H1N1,212411_at,0.017790442523749783
H1N1,201598_s_at,-0.051088789425439235
H1N1,218305_at,0.017790442523749783
H1N1,200995_at,0.01604288578642618
H1N1,202531_at,0.0014945466727065517
H1N1,203275_at,0.0014945466727065517
H1N1,211945_s_at,-0.051088789425439235
H1N1,202803_s_at,0.01459171325186985
H1N1,204627_s_at,0.10571504210530844
H1N1,201125_s_at,0.10571504210530844
H1N1,209099_x_at,0.01370907609523131
H1N1,205841_at,0.0014945466727065517
H1N1,212813_at,0.03277044245701473
H1N1,222039_at,0.01604288578642618
H1N1,216969_s_at,0.01604288578642618
H1N1,203087_s_at,0.0014945466727065517
H1N1,218355_at,0.01604288578642618
H1N1,216699_s_at,0.0014945466727065517
H1N1,209792_s_at,-3.6862970805894696e-4
H1N1,217388_s_at,0.0014945466727065517
H1N1,203726_s_at,-0.051088789425439235
H1N1,200821_at,0.0014945466727065517
H1N1,215543_s_at,-3.6862970805894696e-4
H1N1,208117_s_at,0.017790442523749783
H1N1,204890_s_at,-0.13831128285780844
H1N1,205269_at,0.0014945466727065517
H1N1,207022_s_at,0.03277044245701473
H1N1,202068_s_at,0.01459171325186985
H1N1,221790_s_at,-0.051088789425439235
H1N1,215270_at,0.01370907609523131
H1N1,208949_s_at,0.0014945466727065517
H1N1,202726_at,0.01604288578642618
H1N1,217892_s_at,-0.051088789425439235
H1N1,203713_s_at,-3.6862970805894696e-4
H1N1,221833_at,-0.13831128285780844
H1N1,202459_s_at,0.017360659525663312
H1N1,204559_s_at,0.03579275255778705
H1N1,208771_s_at,0.0014945466727065517
H1N1,202625_at,0.0014945466727065517
H1N1,200900_s_at,0.01459171325186985
H1N1,36711_at,0.0014945466727065517
H1N1,221760_at,0.017360659525663312
H1N1,204389_at,0.017360659525663312
H1N1,219278_at,0.017790442523749783
H1N1,202890_at,0.03277044245701473
H1N1,211500_at,-0.051088789425439235
H1N1,210059_s_at,-3.6862970805894696e-4
H1N1,210059_s_at,-0.051088789425439235
H1N1,206401_s_at,-3.6862970805894696e-4
H1N1,201737_s_at,0.017360659525663312
H1N1,202107_s_at,0.01604288578642618
H1N1,202107_s_at,0.03579275255778705
H1N1,202107_s_at,0.01459171325186985
H1N1,201555_at,0.01604288578642618
H1N1,222036_s_at,0.017790442523749783
H1N1,222036_s_at,0.01459171325186985
H1N1,222036_s_at,0.01604288578642618
H1N1,222036_s_at,0.03579275255778705
H1N1,216237_s_at,0.017790442523749783
H1N1,216237_s_at,0.01604288578642618
H1N1,216237_s_at,0.03579275255778705
H1N1,210983_s_at,0.01604288578642618
H1N1,210983_s_at,0.03579275255778705
H1N1,204059_s_at,0.0014945466727065517
H1N1,209265_s_at,-3.6862970805894696e-4
H1N1,201126_s_at,-0.058850258696567445
H1N1,212022_s_at,0.01604288578642618
H1N1,216503_s_at,0.03277044245701473
H1N1,204475_at,0.10571504210530844
H1N1,207329_at,0.0014945466727065517
H1N1,212885_at,0.017790442523749783
H1N1,219321_at,-0.051088789425439235
H1N1,213897_s_at,0.03579275255778705
H1N1,209609_s_at,0.03579275255778705
H1N1,217408_at,0.03579275255778705
H1N1,205970_at,0.0014945466727065517
H1N1,215381_at,0.03277044245701473
H1N1,204798_at,-3.6862970805894696e-4
H1N1,219098_at,0.017790442523749783
H1N1,201058_s_at,0.10571504210530844
H1N1,202555_s_at,0.10571504210530844
H1N1,216017_s_at,-3.6862970805894696e-4
H1N1,208754_s_at,0.01604288578642618
H1N1,201969_at,0.01604288578642618
H1N1,207760_s_at,-3.6862970805894696e-4
H1N1,202077_at,0.03579275255778705
H1N1,212678_at,-0.051088789425439235
H1N1,211091_s_at,-0.051088789425439235
H1N1,214062_x_at,0.01459171325186985
H1N1,202216_x_at,0.01459171325186985
H1N1,209104_s_at,0.03579275255778705
H1N1,201577_at,0.01604288578642618
H1N1,201158_at,0.01459171325186985
H1N1,218860_at,0.017790442523749783
H1N1,211949_s_at,0.01604288578642618
H1N1,211949_s_at,0.017790442523749783
H1N1,214427_at,0.017790442523749783
H1N1,200875_s_at,0.017790442523749783
H1N1,200875_s_at,0.03579275255778705
H1N1,200875_s_at,0.01604288578642618
H1N1,202445_s_at,0.01370907609523131
H1N1,202445_s_at,0.10571504210530844
H1N1,217584_at,-0.13831128285780844
H1N1,217033_x_at,-0.058850258696567445
H1N1,213461_at,0.01604288578642618
H1N1,205135_s_at,0.01459171325186985
H1N1,218768_at,0.01604288578642618
H1N1,212247_at,0.01459171325186985
H1N1,212247_at,0.01604288578642618
H1N1,208922_s_at,-0.058850258696567445
H1N1,218708_at,-3.6862970805894696e-4
H1N1,222075_s_at,0.03277044245701473
H1N1,213131_at,-3.6862970805894696e-4
H1N1,213131_at,-0.058850258696567445
H1N1,219032_x_at,-3.6862970805894696e-4
H1N1,203117_s_at,0.01604288578642618
H1N1,208271_at,0.03277044245701473
H1N1,203060_s_at,0.017360659525663312
H1N1,214086_s_at,-0.058850258696567445
H1N1,215418_at,-0.051088789425439235
H1N1,201202_at,0.01604288578642618
H1N1,218952_at,0.03277044245701473
H1N1,214174_s_at,0.10571504210530844
H1N1,203243_s_at,0.017360659525663312
H1N1,218273_s_at,0.0014945466727065517
H1N1,204742_s_at,0.01604288578642618
H1N1,202212_at,0.017790442523749783
H1N1,205160_at,-0.13831128285780844
H1N1,221603_at,-0.13831128285780844
H1N1,201707_at,-0.13831128285780844
H1N1,219180_s_at,-0.13831128285780844
H1N1,205420_at,-0.13831128285780844
H1N1,201102_s_at,0.01459171325186985
H1N1,201118_at,0.017360659525663312
H1N1,217009_at,0.03277044245701473
H1N1,208305_at,-3.6862970805894696e-4
H1N1,201121_s_at,0.017360659525663312
H1N1,219394_at,0.03277044245701473
H1N1,201600_at,0.03579275255778705
H1N1,221611_s_at,0.03277044245701473
H1N1,203335_at,-0.13831128285780844
H1N1,37433_at,0.03277044245701473
H1N1,204369_at,0.0014945466727065517
H1N1,206370_at,0.0014945466727065517
H1N1,202743_at,-0.051088789425439235
H1N1,202743_at,0.01459171325186985
H1N1,209193_at,0.0014945466727065517
H1N1,209018_s_at,0.017360659525663312
H1N1,221605_s_at,-0.13831128285780844
H1N1,202522_at,0.01459171325186985
H1N1,210145_at,0.0014945466727065517
H1N1,214866_at,0.0014945466727065517
H1N1,214866_at,0.10571504210530844
H1N1,202789_at,-0.051088789425439235
H1N1,203470_s_at,0.0014945466727065517
H1N1,202240_at,0.01459171325186985
H1N1,202240_at,0.01604288578642618
H1N1,202240_at,0.017790442523749783
H1N1,204886_at,-3.6862970805894696e-4
H1N1,204886_at,0.017790442523749783
H1N1,204886_at,0.01604288578642618
H1N1,202619_s_at,0.10571504210530844
H1N1,221206_at,0.01604288578642618
H1N1,212037_at,0.01604288578642618
H1N1,204441_s_at,0.01604288578642618
H1N1,203422_at,0.01604288578642618
H1N1,201115_at,0.01604288578642618
H1N1,201115_at,0.03579275255778705
H1N1,216026_s_at,0.01604288578642618
H1N1,205811_at,-0.058850258696567445
H1N1,209302_at,-0.058850258696567445
H1N1,206654_s_at,0.01459171325186985
H1N1,200967_at,0.10571504210530844
H1N1,200913_at,0.03579275255778705
H1N1,207830_s_at,0.01604288578642618
H1N1,208932_at,0.0014945466727065517
H1N1,203737_s_at,0.017790442523749783
H1N1,201923_at,0.03579275255778705
H1N1,201923_at,0.01604288578642618
H1N1,210476_s_at,-3.6862970805894696e-4
H1N1,207808_s_at,0.017360659525663312
H1N1,214380_at,0.03579275255778705
H1N1,208447_s_at,0.01604288578642618
H1N1,203401_at,0.03579275255778705
H1N1,205991_s_at,0.10571504210530844
H1N1,216470_x_at,0.10571504210530844
H1N1,202458_at,-3.6862970805894696e-4
H1N1,207782_s_at,0.0014945466727065517
H1N1,218302_at,0.01370907609523131
H1N1,208805_at,0.03579275255778705
H1N1,216088_s_at,0.03579275255778705
H1N1,201404_x_at,0.03579275255778705
H1N1,201068_s_at,0.01459171325186985
H1N1,201252_at,0.01459171325186985
H1N1,201252_at,0.03579275255778705
H1N1,201232_s_at,0.01459171325186985
H1N1,212296_at,0.01459171325186985
H1N1,212296_at,0.03579275255778705
H1N1,201388_at,0.03579275255778705
H1N1,200820_at,0.03579275255778705
H1N1,203405_at,0.01459171325186985
H1N1,207388_s_at,0.017360659525663312
H1N1,206687_s_at,-3.6862970805894696e-4
H1N1,214043_at,-0.058850258696567445
H1N1,203554_x_at,0.01604288578642618
H1N1,218670_at,0.017790442523749783
H1N1,201608_s_at,0.03579275255778705
H1N1,214552_s_at,-3.6862970805894696e-4
H1N1,207419_s_at,-0.051088789425439235
H1N1,204461_x_at,0.01604288578642618
H1N1,208393_s_at,0.01604288578642618
H1N1,209849_s_at,0.01604288578642618
H1N1,201244_s_at,0.0014945466727065517
H1N1,200749_at,0.01604288578642618
H1N1,221915_s_at,0.03579275255778705
H1N1,221915_s_at,0.01604288578642618
H1N1,218117_at,0.01370907609523131
H1N1,205332_at,0.0014945466727065517
H1N1,217042_at,0.01459171325186985
H1N1,203696_s_at,0.01604288578642618
H1N1,204127_at,0.01604288578642618
H1N1,204023_at,-0.058850258696567445
H1N1,204023_at,0.03579275255778705
H1N1,219045_at,-0.051088789425439235
H1N1,203022_at,-3.6862970805894696e-4
H1N1,203022_at,0.01604288578642618
H1N1,207939_x_at,0.03579275255778705
H1N1,200074_s_at,0.03579275255778705
H1N1,214335_at,0.03579275255778705
H1N1,214167_s_at,0.03579275255778705
H1N1,208692_at,0.03579275255778705
H1N1,200024_at,0.03579275255778705
H1N1,213903_s_at,0.01604288578642618
H1N1,209773_s_at,0.01459171325186985
H1N1,209773_s_at,0.01604288578642618
H1N1,216913_s_at,0.017790442523749783
H1N1,204133_at,0.017790442523749783
H1N1,204133_at,0.03579275255778705
H1N1,204133_at,0.01459171325186985
H1N1,201459_at,0.03579275255778705
H1N1,215099_s_at,-0.058850258696567445
H1N1,203535_at,0.0014945466727065517
H1N1,213988_s_at,0.10571504210530844
H1N1,201819_at,-3.6862970805894696e-4
H1N1,215026_x_at,-3.6862970805894696e-4
H1N1,202898_at,-0.051088789425439235
H1N1,218681_s_at,0.01459171325186985
H1N1,203071_at,-3.6862970805894696e-4
H1N1,202627_s_at,0.017360659525663312
H1N1,202627_s_at,0.10571504210530844
H1N1,202627_s_at,0.0014945466727065517
H1N1,207714_s_at,0.01459171325186985
H1N1,215780_s_at,0.03579275255778705
H1N1,200687_s_at,0.03579275255778705
H1N1,204051_s_at,0.10571504210530844
H1N1,205120_s_at,0.10571504210530844
H1N1,201469_s_at,-0.051088789425439235
H1N1,214095_at,0.01459171325186985
H1N1,210134_x_at,-0.058850258696567445
H1N1,214484_s_at,-0.058850258696567445
H1N1,211112_at,0.017360659525663312
H1N1,209610_s_at,0.01459171325186985
H1N1,208916_at,0.017360659525663312
H1N1,207201_s_at,0.017360659525663312
H1N1,204981_at,-0.13831128285780844
H1N1,200030_s_at,0.03579275255778705
H1N1,214821_at,-0.058850258696567445
H1N1,205769_at,-3.6862970805894696e-4
H1N1,205769_at,-0.13831128285780844
H1N1,201801_s_at,-3.6862970805894696e-4
H1N1,201801_s_at,-0.13831128285780844
H1N1,218985_at,-3.6862970805894696e-4
H1N1,202830_s_at,0.01459171325186985
H1N1,205921_s_at,0.017360659525663312
H1N1,202219_at,0.10571504210530844
H1N1,201349_at,-3.6862970805894696e-4
H1N1,201349_at,0.01459171325186985
H1N1,201664_at,0.01604288578642618
H1N1,218781_at,0.01604288578642618
H1N1,210357_s_at,0.017360659525663312
H1N1,201770_at,0.03579275255778705
H1N1,206055_s_at,0.03579275255778705
H1N1,208821_at,0.01604288578642618
H1N1,205644_s_at,0.03579275255778705
H1N1,208608_s_at,0.10571504210530844
H1N1,207788_s_at,-0.051088789425439235
H1N1,214633_at,-3.6862970805894696e-4
H1N1,203145_at,0.01604288578642618
H1N1,200665_s_at,0.10571504210530844
H1N1,209891_at,0.01604288578642618
H1N1,202363_at,0.10571504210530844
H1N1,209875_s_at,0.10571504210530844
H1N1,209218_at,0.01459171325186985
H1N1,213324_at,0.0014945466727065517
H1N1,204675_at,0.01459171325186985
H1N1,201516_at,0.017790442523749783
H1N1,201516_at,0.03579275255778705
H1N1,200753_x_at,0.03579275255778705
H1N1,200753_x_at,0.01604288578642618
H1N1,208673_s_at,0.03579275255778705
H1N1,214060_at,0.03579275255778705
H1N1,200890_s_at,0.01459171325186985
H1N1,200957_s_at,0.01604288578642618
H1N1,216905_s_at,-3.6862970805894696e-4
H1N1,209649_at,0.03277044245701473
H1N1,200028_s_at,0.03579275255778705
H1N1,212009_s_at,-0.058850258696567445
H1N1,212009_s_at,0.01459171325186985
H1N1,201314_at,-0.058850258696567445
H1N1,200783_s_at,0.01604288578642618
H1N1,203530_s_at,-0.051088789425439235
H1N1,218619_s_at,0.01604288578642618
H1N1,32402_s_at,-0.051088789425439235
H1N1,217833_at,0.03579275255778705
H1N1,217833_at,0.01604288578642618
H1N1,220613_s_at,0.01459171325186985
H1N1,218308_at,0.01604288578642618
H1N1,201463_s_at,0.03277044245701473
H1N1,221264_s_at,0.03579275255778705
H1N1,220961_s_at,0.01604288578642618
H1N1,220961_s_at,0.017790442523749783
H1N1,212761_at,0.01370907609523131
H1N1,202384_s_at,0.017790442523749783
H1N1,222011_s_at,0.03579275255778705
H1N1,202719_s_at,0.01459171325186985
H1N1,218605_at,0.017790442523749783
H1N1,209278_s_at,-3.6862970805894696e-4
H1N1,205210_at,-0.058850258696567445
H1N1,201042_at,0.10571504210530844
H1N1,203046_s_at,0.01604288578642618
H1N1,201666_at,0.0014945466727065517
H1N1,201666_at,0.10571504210530844
H1N1,203167_at,0.0014945466727065517
H1N1,201148_s_at,0.10571504210530844
H1N1,216997_x_at,0.03277044245701473
H1N1,200803_s_at,0.017360659525663312
H1N1,207839_s_at,-0.051088789425439235
H1N1,212282_at,0.017790442523749783
H1N1,212282_at,0.01459171325186985
H1N1,216005_at,0.10571504210530844
H1N1,202644_s_at,0.0014945466727065517
H1N1,202644_s_at,0.10571504210530844
H1N1,204933_s_at,-0.051088789425439235
H1N1,202264_s_at,0.01459171325186985
H1N1,201519_at,0.03579275255778705
H1N1,211300_s_at,0.01604288578642618
H1N1,213011_s_at,0.01459171325186985
H1N1,210986_s_at,0.10571504210530844
H1N1,209344_at,0.10571504210530844
H1N1,210180_s_at,0.01604288578642618
H1N1,205599_at,-0.051088789425439235
H1N1,200990_at,0.03579275255778705
H1N1,204033_at,0.01604288578642618
H1N1,211700_s_at,-0.051088789425439235
H1N1,209390_at,-0.051088789425439235
H1N1,217979_at,-3.6862970805894696e-4
H1N1,209264_s_at,-0.051088789425439235
H1N1,210527_x_at,0.03277044245701473
H1N1,212320_at,0.01604288578642618
H1N1,201714_at,-0.051088789425439235
H1N1,201714_at,0.01459171325186985
H1N1,201714_at,0.01604288578642618
H1N1,202858_at,0.03579275255778705
H1N1,220083_x_at,0.01459171325186985
H1N1,203343_at,-3.6862970805894696e-4
H1N1,202330_s_at,0.017790442523749783
H1N1,202330_s_at,0.01604288578642618
H1N1,209475_at,0.0014945466727065517
H1N1,202745_at,0.0014945466727065517
H1N1,205537_s_at,-0.051088789425439235
H1N1,219810_at,0.0014945466727065517
H1N1,208845_at,0.03277044245701473
H1N1,210512_s_at,0.10571504210530844
H1N1,209946_at,0.10571504210530844
H1N1,205844_at,0.017360659525663312
H1N1,205400_at,0.0014945466727065517
H1N1,221712_s_at,0.017790442523749783
H1N1,212533_at,0.01604288578642618
H1N1,202663_at,0.10571504210530844
H1N1,221785_at,-0.058850258696567445
H1N1,200670_at,-3.6862970805894696e-4
H1N1,200670_at,0.01459171325186985
H1N1,217785_s_at,0.01459171325186985
H1N1,212426_s_at,0.03579275255778705
H1N1,218833_at,-0.051088789425439235
H1N1,212764_at,0.0014945466727065517
H3N2,201000_at,-0.018119291610371374
H3N2,209459_s_at,0.03443237764156336
H3N2,204343_at,0.0089282110240604309
H3N2,207583_at,-0.019681577355970738
H3N2,201873_s_at,-0.018119291610371374
H3N2,201873_s_at,0.029386064853765662
H3N2,87100_at,0.0089282110240604309
H3N2,87100_at,0.017774388942803764
H3N2,221679_s_at,-0.019681577355970738
H3N2,209028_s_at,-0.018119291610371374
H3N2,202003_s_at,-0.02026134646139148
H3N2,206069_s_at,-0.018301707975790667
H3N2,206069_s_at,-0.02026134646139148
H3N2,202502_at,-0.02026134646139148
H3N2,209608_s_at,-0.02026134646139148
H3N2,202982_s_at,-0.02026134646139148
H3N2,201629_s_at,0.029386064853765662
H3N2,201629_s_at,-0.019681577355970738
H3N2,202422_s_at,-0.02026134646139148
H3N2,218322_s_at,-0.02026134646139148
H3N2,215432_at,-0.019681577355970738
H3N2,208222_at,0.03443237764156336
H3N2,206262_at,-0.019681577355970738
H3N2,206262_at,-0.02026134646139148
H3N2,207175_at,-0.018301707975790667
H3N2,201346_at,-0.02026134646139148
H3N2,201346_at,-0.018301707975790667
H3N2,205891_at,0.1421455797085327
H3N2,202144_s_at,-0.02026134646139148
H3N2,201924_at,0.0089282110240604309
H3N2,218534_s_at,0.1421455797085327
H3N2,202587_s_at,0.03443237764156336
H3N2,205996_s_at,-0.018301707975790667
H3N2,205633_s_at,-0.019681577355970738
H3N2,202054_s_at,-0.02026134646139148
H3N2,211004_s_at,0.0089282110240604309
H3N2,201612_at,-0.02026134646139148
H3N2,206714_at,0.03443237764156336
H3N2,201197_at,-0.005005873931200597
H3N2,205082_s_at,-0.019681577355970738
H3N2,210027_s_at,-0.02026134646139148
H3N2,210027_s_at,0.029386064853765662
H3N2,214953_s_at,0.03443237764156336
H3N2,221482_s_at,-0.019681577355970738
H3N2,213768_s_at,0.0089282110240604309
H3N2,202672_s_at,0.03443237764156336
H3N2,212361_s_at,-0.019681577355970738
H3N2,208859_s_at,0.1421455797085327
H3N2,205052_at,-0.02026134646139148
H3N2,217014_s_at,0.017774388942803764
H3N2,205293_x_at,0.03443237764156336
H3N2,203728_at,0.03443237764156336
H3N2,205965_at,0.0089282110240604309
H3N2,210653_s_at,-0.02026134646139148
H3N2,205263_at,-0.018119291610371374
H3N2,203685_at,0.0089282110240604309
H3N2,215990_s_at,-0.018301707975790667
H3N2,201170_s_at,0.1421455797085327
H3N2,202095_s_at,-0.005005873931200597
H3N2,203771_s_at,-0.02026134646139148
H3N2,202201_at,0.0089282110240604309
H3N2,205290_s_at,0.03443237764156336
H3N2,216275_at,-0.005005873931200597
H3N2,201456_s_at,-0.005005873931200597
H3N2,201456_s_at,0.029386064853765662
H3N2,214214_s_at,0.029386064853765662
H3N2,209301_at,0.0089282110240604309
H3N2,213812_s_at,0.017774388942803764
H3N2,208852_s_at,0.029386064853765662
H3N2,222201_s_at,-0.005005873931200597
H3N2,201518_at,-0.005005873931200597
H3N2,200037_s_at,0.029386064853765662
H3N2,204103_at,-0.018119291610371374
H3N2,1405_i_at,-0.018119291610371374
H3N2,213226_at,0.029386064853765662
H3N2,204826_at,-0.005005873931200597
H3N2,206991_s_at,-0.018119291610371374
H3N2,200877_at,0.029386064853765662
H3N2,200812_at,0.029386064853765662
H3N2,205831_at,-0.018119291610371374
H3N2,206545_at,-0.018119291610371374
H3N2,205153_s_at,-0.018119291610371374
H3N2,217523_at,0.0089282110240604309
H3N2,213055_at,-0.018119291610371374
H3N2,209619_at,-0.018119291610371374
H3N2,205049_s_at,-0.018119291610371374
H3N2,205758_at,-0.018119291610371374
H3N2,215332_s_at,-0.018119291610371374
H3N2,205627_at,-0.019681577355970738
H3N2,201853_s_at,-0.005005873931200597
H3N2,214464_at,0.1421455797085327
H3N2,204126_s_at,0.029386064853765662
H3N2,203968_s_at,0.0089282110240604309
H3N2,201130_s_at,0.0089282110240604309
H3N2,204252_at,0.029386064853765662
H3N2,202246_s_at,-0.005005873931200597
H3N2,202246_s_at,0.029386064853765662
H3N2,202284_s_at,0.03443237764156336
H3N2,209112_at,-0.005005873931200597
H3N2,209644_x_at,0.03443237764156336
H3N2,207530_s_at,0.03443237764156336
H3N2,219555_s_at,0.017774388942803764
H3N2,221675_s_at,0.0089282110240604309
H3N2,221065_s_at,0.0089282110240604309
H3N2,200884_at,0.0089282110240604309
H3N2,206164_at,0.03443237764156336
H3N2,217870_s_at,-0.018301707975790667
H3N2,206158_s_at,0.029386064853765662
H3N2,217752_s_at,-0.019681577355970738
H3N2,217430_x_at,0.1421455797085327
H3N2,215076_s_at,0.1421455797085327
H3N2,203663_s_at,0.029386064853765662
H3N2,201119_s_at,-0.018301707975790667
H3N2,204172_at,-0.02026134646139148
H3N2,204573_at,-0.019681577355970738
H3N2,206914_at,-0.018119291610371374
H3N2,202950_at,-0.02026134646139148
H3N2,202329_at,-0.018119291610371374
H3N2,204459_at,0.029386064853765662
H3N2,202521_at,-0.005005873931200597
H3N2,200766_at,0.03443237764156336
H3N2,202901_x_at,-0.018119291610371374
H3N2,207614_s_at,0.029386064853765662
H3N2,201424_s_at,-0.005005873931200597
H3N2,207681_at,-0.018119291610371374
H3N2,215726_s_at,-0.019681577355970738
H3N2,201066_at,0.029386064853765662
H3N2,201066_at,-0.018301707975790667
H3N2,215785_s_at,-0.019681577355970738
H3N2,208126_s_at,-0.019681577355970738
H3N2,211231_x_at,-0.02026134646139148
H3N2,204244_s_at,-0.005005873931200597
H3N2,205370_x_at,-0.018301707975790667
H3N2,217973_at,0.0089282110240604309
H3N2,217973_at,0.03443237764156336
H3N2,209383_at,0.03443237764156336
H3N2,202929_s_at,-0.019681577355970738
H3N2,202929_s_at,-0.018301707975790667
H3N2,208896_at,0.029386064853765662
H3N2,208152_s_at,0.029386064853765662
H3N2,201584_s_at,-0.005005873931200597
H3N2,202447_at,-0.02026134646139148
H3N2,200934_at,0.029386064853765662
H3N2,201790_s_at,-0.018301707975790667
H3N2,202802_at,-0.019681577355970738
H3N2,213279_at,-0.019681577355970738
H3N2,201386_s_at,0.029386064853765662
H3N2,201478_s_at,-0.005005873931200597
H3N2,212568_s_at,-0.018301707975790667
H3N2,202842_s_at,-0.018301707975790667
H3N2,218409_s_at,0.0089282110240604309
H3N2,209187_at,-0.005005873931200597
H3N2,208956_x_at,0.029386064853765662
H3N2,200789_at,-0.018301707975790667
H3N2,200789_at,-0.019681577355970738
H3N2,200789_at,-0.02026134646139148
H3N2,201135_at,-0.02026134646139148
H3N2,214036_at,-0.005005873931200597
H3N2,201143_s_at,0.029386064853765662
H3N2,200595_s_at,-0.018119291610371374
H3N2,211501_s_at,0.029386064853765662
H3N2,214805_at,0.029386064853765662
H3N2,201435_s_at,0.029386064853765662
H3N2,200004_at,0.029386064853765662
H3N2,206621_s_at,0.029386064853765662
H3N2,206871_at,-0.018119291610371374
H3N2,214153_at,0.017774388942803764
H3N2,214153_at,0.0089282110240604309
H3N2,204256_at,-0.018301707975790667
H3N2,204845_s_at,-0.019681577355970738
H3N2,209392_at,-0.018301707975790667
H3N2,202017_at,0.03443237764156336
H3N2,216836_s_at,0.1421455797085327
H3N2,200043_at,0.029386064853765662
H3N2,211233_x_at,-0.019681577355970738
H3N2,208858_s_at,-0.018301707975790667
H3N2,201573_s_at,0.029386064853765662
H3N2,202942_at,-0.018301707975790667
H3N2,205530_at,-0.019681577355970738
H3N2,205530_at,-0.02026134646139148
H3N2,209214_s_at,-0.005005873931200597
H3N2,203358_s_at,-0.005005873931200597
H3N2,203989_x_at,0.03443237764156336
H3N2,204363_at,0.1421455797085327
H3N2,201910_at,0.0089282110240604309
H3N2,211333_s_at,-0.018119291610371374
H3N2,211623_s_at,0.029386064853765662
H3N2,207834_at,-0.019681577355970738
H3N2,218875_s_at,-0.005005873931200597
H3N2,210950_s_at,0.0089282110240604309
H3N2,207813_s_at,0.03443237764156336
H3N2,214170_x_at,-0.02026134646139148
H3N2,200894_s_at,0.0089282110240604309
H3N2,204560_at,0.0089282110240604309
H3N2,204560_at,0.017774388942803764
H3N2,205666_at,-0.02026134646139148
H3N2,205666_at,-0.019681577355970738
H3N2,209189_at,0.0089282110240604309
H3N2,209189_at,0.03443237764156336
H3N2,213260_at,0.0089282110240604309
H3N2,210655_s_at,0.03443237764156336
H3N2,208841_s_at,-0.018301707975790667
H3N2,206952_at,-0.019681577355970738
H3N2,201724_s_at,-0.018119291610371374
H3N2,205505_at,-0.018119291610371374
H3N2,214430_at,0.0089282110240604309
H3N2,207153_s_at,-0.018119291610371374
H3N2,200681_at,0.029386064853765662
H3N2,215891_s_at,0.03443237764156336
H3N2,222034_at,0.029386064853765662
H3N2,214864_s_at,-0.02026134646139148
H3N2,212434_at,-0.018301707975790667
H3N2,205770_at,-0.019681577355970738
H3N2,222102_at,-0.019681577355970738
H3N2,205488_at,-0.018119291610371374
H3N2,208886_at,0.017774388942803764
H3N2,212205_at,-0.005005873931200597
H3N2,201036_s_at,-0.018301707975790667
H3N2,201036_s_at,-0.02026134646139148
H3N2,203745_at,-0.02026134646139148
H3N2,205659_at,-0.018119291610371374
H3N2,206183_s_at,0.017774388942803764
H3N2,202815_s_at,0.03443237764156336
H3N2,209398_at,0.03443237764156336
H3N2,221582_at,0.03443237764156336
H3N2,217478_s_at,-0.018119291610371374
H3N2,205671_s_at,-0.018119291610371374
H3N2,213831_at,-0.018119291610371374
H3N2,210514_x_at,-0.018119291610371374
H3N2,203744_at,-0.005005873931200597
H3N2,202540_s_at,0.017774388942803764
H3N2,221750_at,-0.02026134646139148
H3N2,208668_x_at,-0.005005873931200597
H3N2,203665_at,0.03443237764156336
H3N2,221919_at,0.029386064853765662
H3N2,205292_s_at,0.029386064853765662
H3N2,211929_at,0.029386064853765662
H3N2,221480_at,-0.005005873931200597
H3N2,221480_at,0.029386064853765662
H3N2,203914_x_at,0.017774388942803764
H3N2,210086_at,0.0089282110240604309
H3N2,202282_at,-0.02026134646139148
H3N2,220081_x_at,-0.02026134646139148
H3N2,205543_at,0.03443237764156336
H3N2,205543_at,0.0089282110240604309
H3N2,204883_s_at,-0.005005873931200597
H3N2,204744_s_at,0.029386064853765662
H3N2,211198_s_at,-0.018119291610371374
H3N2,210014_x_at,-0.02026134646139148
H3N2,202146_at,0.029386064853765662
H3N2,209542_x_at,-0.019681577355970738
H3N2,203628_at,0.1421455797085327
H3N2,203424_s_at,0.1421455797085327
H3N2,211027_s_at,-0.018119291610371374
H3N2,206926_s_at,-0.018119291610371374
H3N2,209828_s_at,-0.018119291610371374
H3N2,206295_at,-0.018119291610371374
H3N2,208200_at,0.03443237764156336
H3N2,211269_s_at,-0.018119291610371374
H3N2,203233_at,-0.018119291610371374
H3N2,205207_at,-0.018119291610371374
H3N2,212195_at,0.0089282110240604309
H3N2,200052_s_at,0.029386064853765662
H3N2,210511_s_at,-0.018119291610371374
H3N2,205258_at,0.03443237764156336
H3N2,201626_at,0.1421455797085327
H3N2,201626_at,0.017774388942803764
H3N2,204989_s_at,0.03443237764156336
H3N2,219064_at,-0.018301707975790667
H3N2,210197_at,0.0089282110240604309
H3N2,205842_s_at,-0.018119291610371374
H3N2,201464_x_at,0.03443237764156336
H3N2,201015_s_at,-0.019681577355970738
H3N2,200840_at,0.029386064853765662
H3N2,204444_at,-0.005005873931200597
H3N2,218355_at,-0.005005873931200597
H3N2,205470_s_at,0.0089282110240604309
H3N2,210339_s_at,0.017774388942803764
H3N2,201088_at,0.029386064853765662
H3N2,201088_at,-0.005005873931200597
H3N2,207935_s_at,0.0089282110240604309
H3N2,212236_x_at,0.03443237764156336
H3N2,209008_x_at,0.017774388942803764
H3N2,204890_s_at,-0.018119291610371374
H3N2,201030_x_at,0.03443237764156336
H3N2,202068_s_at,0.1421455797085327
H3N2,205266_at,0.03443237764156336
H3N2,205876_at,0.017774388942803764
H3N2,206953_s_at,0.1421455797085327
H3N2,209449_at,0.029386064853765662
H3N2,204559_s_at,0.029386064853765662
H3N2,207339_s_at,-0.018119291610371374
H3N2,209348_s_at,0.017774388942803764
H3N2,220302_at,0.017774388942803764
H3N2,206296_x_at,-0.018119291610371374
H3N2,211561_x_at,-0.005005873931200597
H3N2,203928_x_at,0.0089282110240604309
H3N2,201736_s_at,-0.019681577355970738
H3N2,218440_at,-0.018301707975790667
H3N2,202107_s_at,0.029386064853765662
H3N2,202107_s_at,-0.005005873931200597
H3N2,216237_s_at,0.029386064853765662
H3N2,210983_s_at,0.029386064853765662
H3N2,209036_s_at,-0.018301707975790667
H3N2,209036_s_at,-0.02026134646139148
H3N2,209035_at,0.0089282110240604309
H3N2,217373_x_at,0.03443237764156336
H3N2,207480_s_at,-0.005005873931200597
H3N2,206028_s_at,0.017774388942803764
H3N2,212673_at,-0.02026134646139148
H3N2,211026_s_at,0.1421455797085327
H3N2,201403_s_at,-0.018301707975790667
H3N2,205905_s_at,0.0089282110240604309
H3N2,212021_s_at,-0.005005873931200597
H3N2,208167_s_at,0.1421455797085327
H3N2,209609_s_at,0.029386064853765662
H3N2,208907_s_at,0.029386064853765662
H3N2,212185_x_at,-0.019681577355970738
H3N2,212185_x_at,-0.005005873931200597
H3N2,211783_s_at,0.1421455797085327
H3N2,209704_at,-0.005005873931200597
H3N2,202309_at,-0.019681577355970738
H3N2,208754_s_at,0.029386064853765662
H3N2,209520_s_at,0.029386064853765662
H3N2,201517_at,0.029386064853765662
H3N2,211063_s_at,-0.018119291610371374
H3N2,200610_s_at,-0.005005873931200597
H3N2,207760_s_at,0.0089282110240604309
H3N2,202077_at,0.029386064853765662
H3N2,211080_s_at,-0.005005873931200597
H3N2,218455_at,-0.019681577355970738
H3N2,209104_s_at,0.029386064853765662
H3N2,207075_at,-0.018119291610371374
H3N2,205895_s_at,0.029386064853765662
H3N2,205895_s_at,-0.005005873931200597
H3N2,203023_at,0.029386064853765662
H3N2,200875_s_at,0.029386064853765662
H3N2,202445_s_at,-0.005005873931200597
H3N2,214250_at,-0.005005873931200597
H3N2,209230_s_at,0.03443237764156336
H3N2,204853_at,0.029386064853765662
H3N2,219105_x_at,-0.005005873931200597
H3N2,205041_s_at,-0.018301707975790667
H3N2,219475_at,0.03443237764156336
H3N2,214794_at,0.017774388942803764
H3N2,211547_s_at,-0.005005873931200597
H3N2,202466_at,-0.005005873931200597
H3N2,203060_s_at,0.0089282110240604309
H3N2,205549_at,0.0089282110240604309
H3N2,205463_s_at,0.03443237764156336
H3N2,200979_at,-0.02026134646139148
H3N2,203243_s_at,0.1421455797085327
H3N2,203243_s_at,0.017774388942803764
H3N2,202464_s_at,-0.018301707975790667
H3N2,217356_s_at,0.029386064853765662
H3N2,201968_s_at,-0.018301707975790667
H3N2,200658_s_at,0.029386064853765662
H3N2,201600_at,0.029386064853765662
H3N2,217951_s_at,0.1421455797085327
H3N2,209581_at,0.0089282110240604309
H3N2,209978_s_at,-0.019681577355970738
H3N2,204958_at,0.03443237764156336
H3N2,215668_s_at,0.0089282110240604309
H3N2,211472_at,0.03443237764156336
H3N2,203467_at,-0.019681577355970738
H3N2,204441_s_at,-0.005005873931200597
H3N2,201115_at,0.029386064853765662
H3N2,208828_at,0.029386064853765662
H3N2,219380_x_at,0.03443237764156336
H3N2,219510_at,-0.005005873931200597
H3N2,205096_at,0.03443237764156336
H3N2,201490_s_at,0.0089282110240604309
H3N2,209296_at,-0.018301707975790667
H3N2,202014_at,0.03443237764156336
H3N2,216458_at,-0.018301707975790667
H3N2,218009_s_at,-0.005005873931200597
H3N2,201619_at,0.029386064853765662
H3N2,201923_at,0.029386064853765662
H3N2,215708_s_at,-0.005005873931200597
H3N2,210384_at,0.03443237764156336
H3N2,217786_at,-0.005005873931200597
H3N2,202126_at,-0.005005873931200597
H3N2,203401_at,0.029386064853765662
H3N2,211746_x_at,0.029386064853765662
H3N2,208805_at,0.029386064853765662
H3N2,201404_x_at,0.029386064853765662
H3N2,201400_at,0.029386064853765662
H3N2,201252_at,0.029386064853765662
H3N2,200820_at,0.029386064853765662
H3N2,200814_at,-0.02026134646139148
H3N2,211711_s_at,0.1421455797085327
H3N2,213933_at,0.0089282110240604309
H3N2,200627_at,0.029386064853765662
H3N2,203111_s_at,0.017774388942803764
H3N2,205438_at,0.1421455797085327
H3N2,205438_at,0.017774388942803764
H3N2,208511_at,-0.005005873931200597
H3N2,222087_at,0.03443237764156336
H3N2,213466_at,0.03443237764156336
H3N2,222077_s_at,-0.005005873931200597
H3N2,200608_s_at,-0.005005873931200597
H3N2,214422_at,0.029386064853765662
H3N2,214422_at,-0.005005873931200597
H3N2,209849_s_at,0.03443237764156336
H3N2,209050_s_at,0.03443237764156336
H3N2,200749_at,0.029386064853765662
H3N2,201330_at,-0.018119291610371374
H3N2,219026_s_at,-0.005005873931200597
H3N2,205296_at,-0.005005873931200597
H3N2,217042_at,-0.02026134646139148
H3N2,220570_at,-0.018301707975790667
H3N2,204023_at,0.029386064853765662
H3N2,209324_s_at,0.03443237764156336
H3N2,213038_at,0.03443237764156336
H3N2,200060_s_at,0.029386064853765662
H3N2,213588_x_at,0.029386064853765662
H3N2,200022_at,0.029386064853765662
H3N2,214167_s_at,0.029386064853765662
H3N2,213377_x_at,0.03443237764156336
H3N2,202649_x_at,-0.018119291610371374
H3N2,217466_x_at,0.029386064853765662
H3N2,208692_at,0.029386064853765662
H3N2,200024_at,0.029386064853765662
H3N2,212912_at,0.0089282110240604309
H3N2,204633_s_at,-0.005005873931200597
H3N2,204803_s_at,0.03443237764156336
H3N2,201477_s_at,0.029386064853765662
H3N2,216913_s_at,0.017774388942803764
H3N2,212019_at,0.029386064853765662
H3N2,201459_at,0.029386064853765662
H3N2,202426_s_at,0.03443237764156336
H3N2,201569_s_at,-0.018301707975790667
H3N2,203455_s_at,0.03443237764156336
H3N2,203455_s_at,0.017774388942803764
H3N2,201819_at,0.0089282110240604309
H3N2,217264_s_at,0.0089282110240604309
H3N2,219197_s_at,0.0089282110240604309
H3N2,201286_at,0.03443237764156336
H3N2,201093_x_at,-0.02026134646139148
H3N2,203071_at,0.0089282110240604309
H3N2,217724_at,0.029386064853765662
H3N2,200687_s_at,0.029386064853765662
H3N2,221768_at,-0.005005873931200597
H3N2,214437_s_at,-0.019681577355970738
H3N2,209339_at,0.0089282110240604309
H3N2,205484_at,-0.018119291610371374
H3N2,204404_at,-0.005005873931200597
H3N2,202236_s_at,0.0089282110240604309
H3N2,200030_s_at,0.029386064853765662
H3N2,202433_at,-0.019681577355970738
H3N2,209711_at,-0.019681577355970738
H3N2,218237_s_at,-0.005005873931200597
H3N2,204087_s_at,-0.018301707975790667
H3N2,212290_at,0.1421455797085327
H3N2,201195_s_at,0.0089282110240604309
H3N2,205396_at,-0.005005873931200597
H3N2,204240_s_at,-0.005005873931200597
H3N2,201664_at,-0.005005873931200597
H3N2,202043_s_at,-0.02026134646139148
H3N2,201770_at,0.029386064853765662
H3N2,206055_s_at,0.029386064853765662
H3N2,202690_s_at,0.029386064853765662
H3N2,202690_s_at,-0.005005873931200597
H3N2,210001_s_at,0.03443237764156336
H3N2,209648_x_at,-0.018119291610371374
H3N2,214633_at,0.0089282110240604309
H3N2,214732_at,0.03443237764156336
H3N2,213442_x_at,0.017774388942803764
H3N2,208927_at,0.1421455797085327
H3N2,202400_s_at,0.017774388942803764
H3N2,205335_s_at,0.017774388942803764
H3N2,202200_s_at,0.029386064853765662
H3N2,211784_s_at,-0.005005873931200597
H3N2,211784_s_at,0.029386064853765662
H3N2,206095_s_at,-0.005005873931200597
H3N2,214882_s_at,-0.005005873931200597
H3N2,214882_s_at,0.029386064853765662
H3N2,201129_at,0.029386064853765662
H3N2,202817_s_at,-0.005005873931200597
H3N2,202591_s_at,0.029386064853765662
H3N2,204963_at,-0.018301707975790667
H3N2,216905_s_at,0.0089282110240604309
H3N2,216905_s_at,0.03443237764156336
H3N2,200028_s_at,0.029386064853765662
H3N2,AFFX-HUMISGF3A/M97935_MB_at,-0.018119291610371374
H3N2,218424_s_at,0.03443237764156336
H3N2,205339_at,-0.005005873931200597
H3N2,201061_s_at,0.03443237764156336
H3N2,215772_x_at,-0.02026134646139148
H3N2,210612_s_at,0.1421455797085327
H3N2,221264_s_at,0.029386064853765662
H3N2,204043_at,0.03443237764156336
H3N2,222011_s_at,0.029386064853765662
H3N2,205943_at,-0.019681577355970738
H3N2,205943_at,-0.02026134646139148
H3N2,203085_s_at,0.03443237764156336
H3N2,213135_at,0.0089282110240604309
H3N2,35148_at,0.0089282110240604309
H3N2,210176_at,-0.018119291610371374
H3N2,220532_s_at,-0.019681577355970738
H3N2,206907_at,0.03443237764156336
H3N2,205177_at,0.03443237764156336
H3N2,201512_s_at,0.029386064853765662
H3N2,211195_s_at,0.03443237764156336
H3N2,201689_s_at,-0.018119291610371374
H3N2,203786_s_at,0.0089282110240604309
H3N2,203786_s_at,0.03443237764156336
H3N2,216474_x_at,0.0089282110240604309
H3N2,210180_s_at,0.029386064853765662
H3N2,202871_at,0.03443237764156336
H3N2,205598_at,-0.005005873931200597
H3N2,211001_at,0.0089282110240604309
H3N2,201008_s_at,0.03443237764156336
H3N2,202836_s_at,0.029386064853765662
H3N2,201177_s_at,0.029386064853765662
H3N2,211764_s_at,-0.018119291610371374
H3N2,212519_at,0.029386064853765662
H3N2,200676_s_at,0.029386064853765662
H3N2,208970_s_at,-0.02026134646139148
H3N2,217140_s_at,0.029386064853765662
H3N2,208846_s_at,0.029386064853765662
H3N2,204255_s_at,0.03443237764156336
H3N2,205844_at,-0.02026134646139148
H3N2,210102_at,0.03443237764156336
H3N2,209053_s_at,-0.005005873931200597
H3N2,205667_at,-0.005005873931200597
H3N2,209375_at,0.03443237764156336
H3N2,212160_at,0.029386064853765662
H3N2,216299_s_at,0.0089282110240604309
H3N2,200792_at,0.029386064853765662
H3N2,214814_at,0.1421455797085327
H3N2,201020_at,-0.02026134646139148
H3N2,212426_s_at,0.029386064853765662
H3N2,205883_at,0.03443237764156336
H3N2,211965_at,0.03443237764156336
Rhinovirus,203504_s_at,-0.0010626220935336555
Rhinovirus,212772_s_at,-0.0010626220935336555
Rhinovirus,204343_at,-0.0010626220935336555
Rhinovirus,217504_at,-0.0010626220935336555
Rhinovirus,203192_at,-0.03629825273246874
Rhinovirus,203192_at,-5.978701439117856e-4
Rhinovirus,206155_at,-0.038773554471549176
Rhinovirus,202850_at,-0.0010626220935336555
Rhinovirus,207593_at,0.04469396546707677
Rhinovirus,213501_at,-0.038773554471549176
Rhinovirus,204241_at,-0.038773554471549176
Rhinovirus,213683_at,-5.978701439117856e-4
Rhinovirus,208030_s_at,-5.978701439117856e-4
Rhinovirus,212285_s_at,-0.03629825273246874
Rhinovirus,210327_s_at,-0.0010626220935336555
Rhinovirus,219672_at,-5.978701439117856e-4
Rhinovirus,209972_s_at,0.004763354171227481
Rhinovirus,204348_s_at,-0.03629825273246874
Rhinovirus,211653_x_at,-0.038773554471549176
Rhinovirus,207102_at,-0.0010626220935336555
Rhinovirus,205633_s_at,-0.038773554471549176
Rhinovirus,215798_at,-5.978701439117856e-4
Rhinovirus,201425_at,-0.038773554471549176
Rhinovirus,221588_x_at,-5.978701439117856e-4
Rhinovirus,208951_at,-0.03629825273246874
Rhinovirus,201612_at,-0.0010626220935336555
Rhinovirus,204705_x_at,-0.03629825273246874
Rhinovirus,209425_at,-0.0010626220935336555
Rhinovirus,202203_s_at,0.0757982474233117
Rhinovirus,205389_s_at,-5.978701439117856e-4
Rhinovirus,218274_s_at,-0.03629825273246874
Rhinovirus,200782_at,0.015353636468596719
Rhinovirus,211712_s_at,0.0757982474233117
Rhinovirus,214995_s_at,0.015353636468596719
Rhinovirus,214995_s_at,0.015353636468596719
Rhinovirus,203382_s_at,-0.038773554471549176
Rhinovirus,211621_at,-0.0010626220935336555
Rhinovirus,203946_s_at,-0.038773554471549176
Rhinovirus,206888_s_at,0.04469396546707677
Rhinovirus,201333_s_at,-5.978701439117856e-4
Rhinovirus,202092_s_at,-5.978701439117856e-4
Rhinovirus,221482_s_at,-0.03629825273246874
Rhinovirus,221482_s_at,-0.038773554471549176
Rhinovirus,213768_s_at,0.0757982474233117
Rhinovirus,209186_at,-0.038773554471549176
Rhinovirus,212136_at,0.0757982474233117
Rhinovirus,212383_at,-5.978701439117856e-4
Rhinovirus,203231_s_at,-0.0010626220935336555
Rhinovirus,216231_s_at,0.01778932776228806
Rhinovirus,216627_s_at,-0.03629825273246874
Rhinovirus,210818_s_at,-5.978701439117856e-4
Rhinovirus,40093_at,-5.978701439117856e-4
Rhinovirus,214452_at,-0.038773554471549176
Rhinovirus,203685_at,0.0757982474233117
Rhinovirus,202201_at,-5.978701439117856e-4
Rhinovirus,202201_at,-0.038773554471549176
Rhinovirus,221478_at,-5.978701439117856e-4
Rhinovirus,219391_at,-0.03629825273246874
Rhinovirus,208677_s_at,-5.978701439117856e-4
Rhinovirus,201641_at,0.01778932776228806
Rhinovirus,201235_s_at,-5.978701439117856e-4
Rhinovirus,205548_s_at,0.0757982474233117
Rhinovirus,203612_at,0.004763354171227481
Rhinovirus,218232_at,0.015353636468596719
Rhinovirus,208747_s_at,0.01778932776228806
Rhinovirus,203052_at,0.015353636468596719
Rhinovirus,210735_s_at,0.0757982474233117
Rhinovirus,208377_s_at,0.04469396546707677
Rhinovirus,214636_at,0.04469396546707677
Rhinovirus,207243_s_at,0.015353636468596719
Rhinovirus,207243_s_at,0.015353636468596719
Rhinovirus,205166_at,-0.03629825273246874
Rhinovirus,211367_s_at,0.015353636468596719
Rhinovirus,211367_s_at,0.01778932776228806
Rhinovirus,209310_s_at,0.015353636468596719
Rhinovirus,209790_s_at,-0.038773554471549176
Rhinovirus,207686_s_at,0.01778932776228806
Rhinovirus,209682_at,0.015353636468596719
Rhinovirus,201091_s_at,0.004763354171227481
Rhinovirus,1405_i_at,0.015353636468596719
Rhinovirus,208711_s_at,0.0757982474233117
Rhinovirus,220428_at,0.04469396546707677
Rhinovirus,206488_s_at,0.015353636468596719
Rhinovirus,217523_at,0.0757982474233117
Rhinovirus,207176_s_at,0.04469396546707677
Rhinovirus,205627_at,-0.038773554471549176
Rhinovirus,203967_at,0.0757982474233117
Rhinovirus,204726_at,0.015353636468596719
Rhinovirus,202246_s_at,0.004763354171227481
Rhinovirus,210821_x_at,-0.03629825273246874
Rhinovirus,202357_s_at,0.015353636468596719
Rhinovirus,221223_x_at,0.0757982474233117
Rhinovirus,201732_s_at,-5.978701439117856e-4
Rhinovirus,214635_at,-0.03629825273246874
Rhinovirus,213415_at,-5.978701439117856e-4
Rhinovirus,219529_at,0.0757982474233117
Rhinovirus,218161_s_at,-0.03629825273246874
Rhinovirus,208791_at,0.015353636468596719
Rhinovirus,212488_at,-0.03629825273246874
Rhinovirus,208818_s_at,-0.038773554471549176
Rhinovirus,206244_at,0.015353636468596719
Rhinovirus,211038_s_at,-5.978701439117856e-4
Rhinovirus,205753_at,-0.038773554471549176
Rhinovirus,221139_s_at,-0.038773554471549176
Rhinovirus,213274_s_at,-5.978701439117856e-4
Rhinovirus,202901_x_at,0.015353636468596719
Rhinovirus,204533_at,0.01778932776228806
Rhinovirus,203666_at,0.0757982474233117
Rhinovirus,211919_s_at,-0.03629825273246874
Rhinovirus,214630_at,0.04469396546707677
Rhinovirus,206424_at,-0.038773554471549176
Rhinovirus,203979_at,-0.038773554471549176
Rhinovirus,203979_at,-0.0010626220935336555
Rhinovirus,205073_at,-0.038773554471549176
Rhinovirus,206514_s_at,-0.038773554471549176
Rhinovirus,207406_at,-0.0010626220935336555
Rhinovirus,219001_s_at,-5.978701439117856e-4
Rhinovirus,218583_s_at,-5.978701439117856e-4
Rhinovirus,214347_s_at,-0.038773554471549176
Rhinovirus,202887_s_at,-0.03629825273246874
Rhinovirus,202929_s_at,-0.038773554471549176
Rhinovirus,208897_s_at,0.004763354171227481
Rhinovirus,200862_at,-0.0010626220935336555
Rhinovirus,211558_s_at,-0.038773554471549176
Rhinovirus,206463_s_at,0.0757982474233117
Rhinovirus,213868_s_at,-0.038773554471549176
Rhinovirus,211215_x_at,-0.0010626220935336555
Rhinovirus,201681_s_at,0.0757982474233117
Rhinovirus,220262_s_at,0.04469396546707677
Rhinovirus,211478_s_at,0.015353636468596719
Rhinovirus,209457_at,0.015353636468596719
Rhinovirus,219833_s_at,-0.0010626220935336555
Rhinovirus,209037_s_at,0.015353636468596719
Rhinovirus,214446_at,-5.978701439117856e-4
Rhinovirus,214153_at,-0.038773554471549176
Rhinovirus,204975_at,0.0757982474233117
Rhinovirus,210746_s_at,-5.978701439117856e-4
Rhinovirus,202017_at,-0.038773554471549176
Rhinovirus,209368_at,-0.0010626220935336555
Rhinovirus,219905_at,-5.978701439117856e-4
Rhinovirus,201328_at,-0.038773554471549176
Rhinovirus,202013_s_at,-0.03629825273246874
Rhinovirus,211310_at,-5.978701439117856e-4
Rhinovirus,207300_s_at,0.015353636468596719
Rhinovirus,205892_s_at,-0.038773554471549176
Rhinovirus,208962_s_at,-0.0010626220935336555
Rhinovirus,202218_s_at,-0.0010626220935336555
Rhinovirus,216602_s_at,0.004763354171227481
Rhinovirus,207835_at,-0.038773554471549176
Rhinovirus,201178_at,-5.978701439117856e-4
Rhinovirus,210638_s_at,-5.978701439117856e-4
Rhinovirus,203647_s_at,0.015353636468596719
Rhinovirus,221315_s_at,0.04469396546707677
Rhinovirus,200894_s_at,0.0757982474233117
Rhinovirus,211719_x_at,0.015353636468596719
Rhinovirus,219744_at,-5.978701439117856e-4
Rhinovirus,203734_at,-5.978701439117856e-4
Rhinovirus,204131_s_at,-5.978701439117856e-4
Rhinovirus,206952_at,-0.038773554471549176
Rhinovirus,214240_at,0.0757982474233117
Rhinovirus,214869_x_at,-5.978701439117856e-4
Rhinovirus,217445_s_at,-0.038773554471549176
Rhinovirus,210446_at,-5.978701439117856e-4
Rhinovirus,209604_s_at,0.015353636468596719
Rhinovirus,202748_at,0.01778932776228806
Rhinovirus,211020_at,-0.038773554471549176
Rhinovirus,202593_s_at,-5.978701439117856e-4
Rhinovirus,205490_x_at,0.0757982474233117
Rhinovirus,214430_at,0.0757982474233117
Rhinovirus,213552_at,-0.03629825273246874
Rhinovirus,209276_s_at,-0.03629825273246874
Rhinovirus,210328_at,-0.0010626220935336555
Rhinovirus,210328_at,-0.038773554471549176
Rhinovirus,214324_at,0.04469396546707677
Rhinovirus,219936_s_at,-0.03629825273246874
Rhinovirus,221549_at,0.004763354171227481
Rhinovirus,204149_s_at,-0.038773554471549176
Rhinovirus,211821_x_at,-5.978701439117856e-4
Rhinovirus,202947_s_at,-5.978701439117856e-4
Rhinovirus,207854_at,-5.978701439117856e-4
Rhinovirus,214621_at,-0.03629825273246874
Rhinovirus,205488_at,0.015353636468596719
Rhinovirus,210164_at,0.015353636468596719
Rhinovirus,208886_at,-5.978701439117856e-4
Rhinovirus,205012_s_at,-5.978701439117856e-4
Rhinovirus,220224_at,-0.0010626220935336555
Rhinovirus,216063_at,-5.978701439117856e-4
Rhinovirus,206647_at,-5.978701439117856e-4
Rhinovirus,205967_at,-5.978701439117856e-4
Rhinovirus,202934_at,-0.03629825273246874
Rhinovirus,203040_s_at,-5.978701439117856e-4
Rhinovirus,208429_x_at,-0.038773554471549176
Rhinovirus,219671_at,0.015353636468596719
Rhinovirus,203284_s_at,-0.03629825273246874
Rhinovirus,205404_at,-0.038773554471549176
Rhinovirus,205700_at,-0.0010626220935336555
Rhinovirus,202581_at,0.015353636468596719
Rhinovirus,221667_s_at,0.0757982474233117
Rhinovirus,200806_s_at,0.004763354171227481
Rhinovirus,205133_s_at,0.004763354171227481
Rhinovirus,207180_s_at,-5.978701439117856e-4
Rhinovirus,207368_at,0.04469396546707677
Rhinovirus,203089_s_at,-5.978701439117856e-4
Rhinovirus,213931_at,-0.038773554471549176
Rhinovirus,210046_s_at,0.0757982474233117
Rhinovirus,205059_s_at,-0.03629825273246874
Rhinovirus,201422_at,0.01778932776228806
Rhinovirus,209417_s_at,0.01778932776228806
Rhinovirus,214059_at,0.01778932776228806
Rhinovirus,219209_at,0.01778932776228806
Rhinovirus,217502_at,0.01778932776228806
Rhinovirus,204747_at,0.01778932776228806
Rhinovirus,214022_s_at,0.01778932776228806
Rhinovirus,205302_at,-0.038773554471549176
Rhinovirus,201508_at,-0.038773554471549176
Rhinovirus,202948_at,-0.038773554471549176
Rhinovirus,212411_at,0.004763354171227481
Rhinovirus,204057_at,-0.038773554471549176
Rhinovirus,209184_s_at,-0.03629825273246874
Rhinovirus,205483_s_at,0.01778932776228806
Rhinovirus,218170_at,-0.0010626220935336555
Rhinovirus,210888_s_at,0.015353636468596719
Rhinovirus,37201_at,-0.038773554471549176
Rhinovirus,201015_s_at,-0.038773554471549176
Rhinovirus,221321_s_at,0.015353636468596719
Rhinovirus,206077_at,-5.978701439117856e-4
Rhinovirus,203087_s_at,0.015353636468596719
Rhinovirus,210504_at,-0.0010626220935336555
Rhinovirus,210504_at,-5.978701439117856e-4
Rhinovirus,205470_s_at,0.0757982474233117
Rhinovirus,205778_at,0.04469396546707677
Rhinovirus,217388_s_at,0.015353636468596719
Rhinovirus,203041_s_at,-5.978701439117856e-4
Rhinovirus,205569_at,0.01778932776228806
Rhinovirus,208117_s_at,0.004763354171227481
Rhinovirus,204428_s_at,-0.038773554471549176
Rhinovirus,203713_s_at,0.0757982474233117
Rhinovirus,204249_s_at,-5.978701439117856e-4
Rhinovirus,221833_at,-0.0010626220935336555
Rhinovirus,218589_at,0.01778932776228806
Rhinovirus,202459_s_at,-5.978701439117856e-4
Rhinovirus,202145_at,0.01778932776228806
Rhinovirus,207667_s_at,-5.978701439117856e-4
Rhinovirus,219278_at,0.004763354171227481
Rhinovirus,203929_s_at,0.0757982474233117
Rhinovirus,201737_s_at,-0.038773554471549176
Rhinovirus,202568_s_at,-5.978701439117856e-4
Rhinovirus,213288_at,-5.978701439117856e-4
Rhinovirus,222036_s_at,0.004763354171227481
Rhinovirus,206247_at,0.0757982474233117
Rhinovirus,209585_s_at,-5.978701439117856e-4
Rhinovirus,201285_at,-5.978701439117856e-4
Rhinovirus,205959_at,0.015353636468596719
Rhinovirus,160020_at,0.015353636468596719
Rhinovirus,202974_at,-5.978701439117856e-4
Rhinovirus,207984_s_at,-0.038773554471549176
Rhinovirus,220688_s_at,0.004763354171227481
Rhinovirus,202364_at,-5.978701439117856e-4
Rhinovirus,202364_at,-0.03629825273246874
Rhinovirus,216017_s_at,0.0757982474233117
Rhinovirus,219862_s_at,-5.978701439117856e-4
Rhinovirus,210774_s_at,-5.978701439117856e-4
Rhinovirus,219006_at,0.004763354171227481
Rhinovirus,213012_at,-0.0010626220935336555
Rhinovirus,212530_at,-5.978701439117856e-4
Rhinovirus,209930_s_at,-5.978701439117856e-4
Rhinovirus,203045_at,-0.038773554471549176
Rhinovirus,206023_at,0.0757982474233117
Rhinovirus,221566_s_at,-0.03629825273246874
Rhinovirus,211949_s_at,0.004763354171227481
Rhinovirus,203023_at,0.004763354171227481
Rhinovirus,207309_at,0.04469396546707677
Rhinovirus,221923_s_at,0.004763354171227481
Rhinovirus,205440_s_at,0.0757982474233117
Rhinovirus,211671_s_at,-5.978701439117856e-4
Rhinovirus,205259_at,-0.0010626220935336555
Rhinovirus,204621_s_at,0.04469396546707677
Rhinovirus,215104_at,0.04469396546707677
Rhinovirus,206706_at,0.04469396546707677
Rhinovirus,202869_at,0.01778932776228806
Rhinovirus,205660_at,0.01778932776228806
Rhinovirus,221237_s_at,-5.978701439117856e-4
Rhinovirus,203060_s_at,0.0757982474233117
Rhinovirus,218543_s_at,0.01778932776228806
Rhinovirus,207680_x_at,0.04469396546707677
Rhinovirus,211176_s_at,0.04469396546707677
Rhinovirus,213558_at,0.015353636468596719
Rhinovirus,202731_at,0.0757982474233117
Rhinovirus,210304_at,0.04469396546707677
Rhinovirus,219630_at,-5.978701439117856e-4
Rhinovirus,217744_s_at,0.0757982474233117
Rhinovirus,202212_at,0.004763354171227481
Rhinovirus,215023_s_at,-0.0010626220935336555
Rhinovirus,201707_at,-0.0010626220935336555
Rhinovirus,219180_s_at,-0.0010626220935336555
Rhinovirus,204545_at,-0.0010626220935336555
Rhinovirus,205420_at,-0.0010626220935336555
Rhinovirus,200658_s_at,0.004763354171227481
Rhinovirus,215236_s_at,-5.978701439117856e-4
Rhinovirus,204144_s_at,-5.978701439117856e-4
Rhinovirus,206370_at,0.015353636468596719
Rhinovirus,209018_s_at,-0.038773554471549176
Rhinovirus,209873_s_at,0.0757982474233117
Rhinovirus,201860_s_at,0.015353636468596719
Rhinovirus,209978_s_at,0.015353636468596719
Rhinovirus,200827_at,-0.03629825273246874
Rhinovirus,202430_s_at,0.01778932776228806
Rhinovirus,208928_at,-0.038773554471549176
Rhinovirus,221649_s_at,0.004763354171227481
Rhinovirus,37152_at,-0.038773554471549176
Rhinovirus,204788_s_at,-5.978701439117856e-4
Rhinovirus,218208_at,-5.978701439117856e-4
Rhinovirus,204117_at,0.015353636468596719
Rhinovirus,210476_s_at,0.0757982474233117
Rhinovirus,203650_at,0.01778932776228806
Rhinovirus,201532_at,0.01778932776228806
Rhinovirus,209040_s_at,0.01778932776228806
Rhinovirus,204279_at,0.015353636468596719
Rhinovirus,204279_at,0.01778932776228806
Rhinovirus,200814_at,0.01778932776228806
Rhinovirus,201762_s_at,0.01778932776228806
Rhinovirus,211748_x_at,-0.038773554471549176
Rhinovirus,200627_at,-0.038773554471549176
Rhinovirus,219076_s_at,-0.0010626220935336555
Rhinovirus,202148_s_at,-0.038773554471549176
Rhinovirus,201039_s_at,-5.978701439117856e-4
Rhinovirus,221809_at,-5.978701439117856e-4
Rhinovirus,209936_at,-5.978701439117856e-4
Rhinovirus,218544_s_at,0.004763354171227481
Rhinovirus,205879_x_at,0.0757982474233117
Rhinovirus,218124_at,-0.0010626220935336555
Rhinovirus,206107_at,0.04469396546707677
Rhinovirus,206146_s_at,-5.978701439117856e-4
Rhinovirus,215819_s_at,-5.978701439117856e-4
Rhinovirus,215819_s_at,-5.978701439117856e-4
Rhinovirus,203022_at,0.0757982474233117
Rhinovirus,221063_x_at,-5.978701439117856e-4
Rhinovirus,221524_s_at,-0.03629825273246874
Rhinovirus,204133_at,0.004763354171227481
Rhinovirus,213797_at,0.01778932776228806
Rhinovirus,219684_at,0.01778932776228806
Rhinovirus,202426_s_at,-0.0010626220935336555
Rhinovirus,205954_at,-0.0010626220935336555
Rhinovirus,204900_x_at,-0.03629825273246874
Rhinovirus,201819_at,0.0757982474233117
Rhinovirus,219197_s_at,0.0757982474233117
Rhinovirus,212154_at,-0.03629825273246874
Rhinovirus,202898_at,-0.03629825273246874
Rhinovirus,202082_s_at,-5.978701439117856e-4
Rhinovirus,203071_at,0.0757982474233117
Rhinovirus,204614_at,0.04469396546707677
Rhinovirus,204614_at,0.015353636468596719
Rhinovirus,208443_x_at,0.04469396546707677
Rhinovirus,203123_s_at,-5.978701439117856e-4
Rhinovirus,202234_s_at,0.0757982474233117
Rhinovirus,209776_s_at,0.004763354171227481
Rhinovirus,209610_s_at,0.0757982474233117
Rhinovirus,207201_s_at,-0.038773554471549176
Rhinovirus,204981_at,-0.0010626220935336555
Rhinovirus,211572_s_at,-0.0010626220935336555
Rhinovirus,57588_at,0.0757982474233117
Rhinovirus,218978_s_at,-5.978701439117856e-4
Rhinovirus,217961_at,-5.978701439117856e-4
Rhinovirus,205769_at,0.0757982474233117
Rhinovirus,209711_at,-0.038773554471549176
Rhinovirus,214719_at,-0.038773554471549176
Rhinovirus,211123_at,0.04469396546707677
Rhinovirus,205920_at,-0.038773554471549176
Rhinovirus,202219_at,-5.978701439117856e-4
Rhinovirus,207043_s_at,-5.978701439117856e-4
Rhinovirus,217678_at,-5.978701439117856e-4
Rhinovirus,210357_s_at,-5.978701439117856e-4
Rhinovirus,210357_s_at,-0.038773554471549176
Rhinovirus,210677_at,-0.0010626220935336555
Rhinovirus,213324_at,0.015353636468596719
Rhinovirus,218800_at,-0.03629825273246874
Rhinovirus,201516_at,0.004763354171227481
Rhinovirus,205170_at,0.01778932776228806
Rhinovirus,205339_at,0.0757982474233117
Rhinovirus,205759_s_at,-0.0010626220935336555
Rhinovirus,212894_at,0.004763354171227481
Rhinovirus,212990_at,-5.978701439117856e-4
Rhinovirus,216925_s_at,-5.978701439117856e-4
Rhinovirus,214413_at,-0.038773554471549176
Rhinovirus,220961_s_at,0.004763354171227481
Rhinovirus,216241_s_at,-5.978701439117856e-4
Rhinovirus,221448_s_at,0.04469396546707677
Rhinovirus,215686_x_at,0.04469396546707677
Rhinovirus,219735_s_at,0.04469396546707677
Rhinovirus,203589_s_at,-5.978701439117856e-4
Rhinovirus,205009_at,0.0757982474233117
Rhinovirus,214476_at,0.04469396546707677
Rhinovirus,203673_at,0.04469396546707677
Rhinovirus,205016_at,-0.03629825273246874
Rhinovirus,220406_at,0.04469396546707677
Rhinovirus,208291_s_at,0.0757982474233117
Rhinovirus,207179_at,0.04469396546707677
Rhinovirus,200803_s_at,-0.038773554471549176
Rhinovirus,213096_at,-5.978701439117856e-4
Rhinovirus,218999_at,0.01778932776228806
Rhinovirus,207643_s_at,-0.038773554471549176
Rhinovirus,213254_at,-5.978701439117856e-4
Rhinovirus,221748_s_at,-5.978701439117856e-4
Rhinovirus,207741_x_at,0.0757982474233117
Rhinovirus,204140_at,-0.038773554471549176
Rhinovirus,204140_at,-0.03629825273246874
Rhinovirus,221627_at,-5.978701439117856e-4
Rhinovirus,203147_s_at,0.01778932776228806
Rhinovirus,36936_at,-0.03629825273246874
Rhinovirus,206630_at,-5.978701439117856e-4
Rhinovirus,206630_at,-0.038773554471549176
Rhinovirus,203281_s_at,0.01778932776228806
Rhinovirus,202151_s_at,-5.978701439117856e-4
Rhinovirus,201649_at,0.01778932776228806
Rhinovirus,203343_at,-0.038773554471549176
Rhinovirus,202330_s_at,0.004763354171227481
Rhinovirus,220507_s_at,-0.038773554471549176
Rhinovirus,203031_s_at,-5.978701439117856e-4
Rhinovirus,215646_s_at,-0.03629825273246874
Rhinovirus,210512_s_at,-0.03629825273246874
Rhinovirus,202173_s_at,-5.978701439117856e-4
Rhinovirus,209822_s_at,-0.03629825273246874
Rhinovirus,205844_at,-0.038773554471549176
Rhinovirus,204534_at,-0.038773554471549176
Rhinovirus,200629_at,0.01778932776228806
Rhinovirus,214662_at,0.004763354171227481
Rhinovirus,200670_at,0.0757982474233117
Rhinovirus,208453_s_at,0.015353636468596719
Rhinovirus,217783_s_at,-5.978701439117856e-4
Rhinovirus,219778_at,0.015353636468596719
Rhinovirus,212368_at,-0.03629825273246874
